mkoa123,stopped-shortcut-brisket-single
asdf123,rockfish-happily-tactile-approval
mca212,showing-conform-reset-thirsting
jansd123,dedicator-drench-payphone-late
a,a
abc,winnings-shakily-unexposed-overdrive
abc,immature-goes-variety-cleft
asdf,revivable-defensive-winking-lugged
qzaq1,breeze-bring-moaning-polar
h1g5d,line-provolone-void-hungry
x9k3p,silicon-grumble-chant-haste
r2v8q,dimly-imbecile-pregnancy-polar
z7m4c,nutshell-kitten-unwritten-refinance
k8j1t,deplete-deranged-floral-anagram
p123,demote-cornball-handclap-giggling
